url;title;timestamp;writer;shares_count;comments_count;summary;sources;categories
https://www.tecmundo.com.br/software/207513-microsoft-teams-deixa-funcionar-internet-explorer-11.htm;Microsoft Teams deixa de funcionar com o Internet Explorer 11;2020-11-30T15:30:01; Mateus Mognon ;0;;O Microsoft Teams, serviço de videoconferências e comunicação, deixará de funcionar no Internet Explorer 11 a partir desta terça-feira, 1° de dezembro. O fim do suporte para o navegador faz parte do plano da Microsoft de  encerrar de vez o antigo browser , que já está sendo substituído pelo Edge. A partir de dezembro, os usuários do Internet Explorer não poderão acessar o chat ou entrar em chamadas do Teams. O fim do suporte ao serviço de conferências é apenas o primeiro passo para o encerramento de outras ferramentas da Microsoft no navegador. Além do Teams, outros serviços da Microsoft deixarão de funcionar no Internet Explorer 11 futuramente Fonte:   Microsoft  A partir de 17 de agosto de 2021, todos os outros aplicativos e serviços do pacote Microsoft 365 também deixarão de funcionar com o Internet Explorer. Antes disso, em março de 2021, a empresa também vai encerrar a versão antiga do Edge. O objetivo da companhia é centralizar todos os usuários na  edição renovada do Microsoft Edge . O navegador é baseado em Chromium, o que garante velocidade no uso, e possui um  modo de compatibilidade  para sites antigos, o que torna o uso do Internet Explorer desnecessário. O Internet Explorer será aposentado em 2021. Fonte:   Microsoft  Recentemente, a Microsoft iniciou um movimento para começar a migrar os usuários do Internet Explorer para o novo navegador. Agora, certos sites não abrem no browser antigo e trazem um  redirecionamento automático  para o Edge, que já vem pré-instalado nas edições mais recentes do Windows 10.;[' Microsoft ', ' Tech Radar '];[' Software ', ' Microsoft ', ' Internet Explorer ']
https://www.tecmundo.com.br/software/207505-edicao-capas-playlists-chegam-spotify-android.htm;;;;0;;;[];[]
https://www.tecmundo.com.br/software/207389-restauracao-configuracao-android-novo-rapidas.htm;Restauração e configuração de Android novo serão mais rápidas;2020-11-29T12:00:01; Mateus Mognon ;0;;"A  Google  pode trazer novidades ao  Android  para melhorar a instalação de apps em celulares novos ou que tiveram o sistema restaurado. Segundo informações compartilhadas pelo  XDA Developers , o sistema permitirá que certos apps ganhem prioridade na hora de uma instalação em massa. O desenvolvedor conhecido como ""luca020400"" encontrou indícios vindos de engenheiros da Google apontando para a novidade. Segundo as informações, a empresa está preparando um sistema de ""dicas"", em que lojas como a  Play Store  conseguiriam priorizar a instalação de certos apps, incluindo programas importantes e utilizados com frequência. O recurso em desenvolvimento promete agilizar a instalação de apps em massa no Android Fonte:   Android Authority  O  XDA Developers  descreve que a função teria quatro modos de operação, que foram marcados como Default (padrão), Fast (rápido), Bulk_Critical (em massa e crítico) e Bulk_Non_Critical (em massa e não crítico). As instalações em massa, que ocorrem quando o aparelho é restaurado ou acaba de ser retirado da caixa, podem sofrer uma grande evolução com a função. Com a ferramenta, a Play Store conseguiria escolher os melhores apps para serem colocados em ação primeiro em um novo smartphone, como ferramentas vindas da fabricante do  celular , por exemplo. A opção ""Bulk_Critical"" também conseguiria instalar diversos aplicativos rapidamente, mas abrindo mão de otimizações. Assim, o usuário pode aproveitar o app e atualizá-lo posteriormente para receber mais estabilidade durante o uso. O novo recurso de instalação inteligente ainda está em desenvolvimento e não tem previsão de lançamento, já que nem foi confirmado oficialmente pela Google. A principal possibilidade é que a função apareça no  Android 12 , que será lançado no ano que vem.";[' XDA Developers '];[' Software ', ' Android ', ' Google ']
https://www.tecmundo.com.br/software/207467-google-feed-noticias-ganhara-contador-curtidas.htm;Google: feed de notícias ganhará contador de 'curtidas' em breve;2020-11-27T18:30:01; Adriano Camacho ;0;;Na última quarta-feira (25), um usuário do  Twitter  relatou uma adição bastante curiosa no  feed  do serviço Discover, do  Google . Em sua mais recente atualização, é possível deixar 'curtidas' nas notícias apresentadas enquanto o usuário navega pela interface. Agora, o sistema ganhará um contador de  likes , que deve marcar o desempenho dos anúncios — algo questionável, considerando a tendência das outras redes sociais. A medida tem como objetivo auxiliar na interação dos usuários como uma comunidade, além de promover melhores resultados na seleção de conteúdos e notícias para seu gosto individual. Contudo, a implementação do contador vai contra a tendência iniciada pelo  Instagram , entre outras redes sociais, que ocultou os números de 'curtidas' em suas postagens no aplicativo móvel, a fim de minimizar comparações e estimular um ambiente onde os usuários se sintam menos pressionados a terem altos números de 'curtidas' . O Google Discovery — antes chamado de  Now  e, posteriormente,  Feed —  está presente em diversos ambientes digitais já integrados no dia a dia dos usuários, como no aplicativo Google Home, no navegador Chrome e até mesmo já embutido em alguns sistemas operacionais  Android . Atualmente, as notícias são exibidas para o usuário de acordo com seu histórico de atividades na internet, localização e preferências de conteúdo. A atualização com 'curtidas' deve refinar o filtro e melhorar a experiência de navegação final. A atualização já está sendo liberada, aos poucos, para alguns usuários. O Google deve testar o recurso por um tempo limitado, aguardando o feedback dos internautas antes de integrá-lo em todos os aplicativos.;[' Android Central '];[' Software ', ' Google ', ' Internet ']
https://www.tecmundo.com.br/seguranca/207502-pf-prende-hackers-tse-brasil-portugal.htm;PF prende “hackers do TSE” no Brasil e Portugal;2020-11-28T17:57:36;;296;;A Polícia Federal deflagrou neste sábado (28) a Operação Exploit com o objetivo de prender os membros do grupo hacker Cyberteam, que assumiram a autoria aos ataques aos bancos de dados e servidores do Tribunal Superior Eleitoral (TSE) no dia 15 de novembro, data do primeiro turno da Eleições 2020. Foram cumpridos três mandados de prisão e de busca e apreensão em São Paulo e Minas Gerais, e mais um em Portugal, com apoio das autoridades locais. O líder do grupo, cidadão português conhecido como “Zambrius”, disse em entrevista ao Estadão antes de ser preso que não é um criminoso: “sou uma boa pessoa”, afirmou. Segundo fontes do Estadão, Zambrius foi o hacker preso em Portugal, mas ainda não há informações sobre o quais seriam as possíveis penas para o criminoso, considerando que ele não é um cidadão brasileiro. Zambrius já foi preso em outras ocasiões por ataques hacker a outras instituições e estava proibido de sair de casa, usando inclusive uma tornozeleira eletrônica. Ao Estadão, Zambrius, de 19 anos, disse que não foi pago por ninguém para atacar o TSE e que sua intenção era simplesmente revelar vulnerabilidades da instituição brasileira, não tendo motivações político-partidárias. Ainda assim, o ataque ajudou a alimentar teorias conspiratórias e a divulgação de notícias falsas sobre a legitimidade das Eleições 2020, bem como das urnas eletrônicas. Candidatos derrotados aproveitaram a situação para questionar o pleito publicamente, mesmo sem qualquer indício de que a contagem dos votos tenha sido comprometida;[' Estadão ', ' Estadão '];[' Segurança ', ' Internet ', ' Eleições 2020 ']
https://www.tecmundo.com.br/mercado/207358-maria-penha-virtual-denuncias-feitas-web.htm;Maria da Penha Virtual: denúncias agora podem ser feitas pela web;2020-11-26T16:00:01; Jorge Marin ;0;;"Um site criado através de uma parceria do TJ-RJ (Tribunal de Justiça do Rio de Janeiro) e estudantes do Centro de Estudos de Direito e Tecnologia da UFRJ (Universidade Federal do Rio Janeiro) pode se tornar um poderoso aliado para mulheres vítimas de violência doméstica no estado. Com o lançamento da plataforma de denúncia “ Maria da Penha Virtual ”, mulheres agredidas ou ameaçadas poderão solicitar um pedido de medida protetiva através do preenchimento de um formulário online, onde apenas poucos itens marcados com um asterisco (*) são obrigatórios. Os demais campos podem ser preenchidos somente se a denunciante se sentir confortável em fazê-lo. Fonte: Maria da Penha Virtual/Divulgação Fonte:   Maria da Penha Virtual  Acessível diretamente do navegador, o que significa que não depende da instalação de nenhum tipo de app (que poderia chamar a atenção dos agressores), o site está alinhado aos Objetivos de Desenvolvimento Sustentável (ODS) da ONU e é orientado pelos princípios de igualdade de gênero, paz e justiça. Para preencher os dados obrigatórios, a pessoa deverá informar, pelo menos, o número de um documento de identificação, que pode ser a própria carteira de identidade ou o CPF, e seguir as instruções do site, que enviará os dados e a solicitação diretamente para o(a) Juiz(a). Fonte: Pixabay Fonte:   Pixabay  Para utilizar a medida protetiva, a pessoa deve preferencialmente operar a partir de uma “ Guia Anônima ” do navegador, evitando deixar rastros que possam ser identificados na consulta ao Histórico do aparelho após o fechamento da página. Quem, por pressa, não tiver esse cuidado, pode simplesmente limpar os  dados do histórico  após o acesso. Embora esses cuidados possam parecer exagerados, é comum nos casos de violência doméstica que as vítimas tenham suas conversas monitoradas em smartphones e PC’s pelos agressores, o que reforça a necessidade de uma atenção redobrada pela proximidade com o denunciado. A juíza titular do I Juizado de Violência Doméstica e Familiar contra a  Mulher , Adriana Ramos de Mello, explica: ""O juiz vai receber, diretamente da mulher, a solicitação. Assim, o magistrado poderá decidir imediatamente, de forma digital, e ela terá a proteção imediata prevista na Lei 14.002/2020 e na Lei Maria da Penha (Lei 11.340/2006)""";[' Tudo Celular '];[' Mercado ', ' Governo ', ' Segurança ']
https://www.tecmundo.com.br/software/207347-vpn-que-ter.htm;;;;0;;;[];[]
https://www.tecmundo.com.br/mercado/207246-black-friday-2020-usar-aba-anonima-fazer-compras.htm;Black Friday 2020: por que usar a aba anônima para fazer compras;2020-11-25T09:30:01; Lupa Charleaux ;198;;"Cheia de ofertas especiais, a  Black Friday 2020  acontece em 27 de novembro, e é necessário ter certos cuidados com a segurança e a privacidade durante esse período de compras na internet. Uma solução simples é usar a aba anônima do  navegador . Além de proteger os dados mais sensíveis enquanto realiza as compras, o recurso pode trazer vantagens para o bolso. Entenda o porquê. Modo de navegação anônima está disponível em diversos navegadores. Fonte:   TecMundo  Hoje, os principais navegadores ( Google Chrome ,  Microsoft Edge  e Mozilla  Firefox ) têm um modo para navegação anônima; com isso, as informações do histórico de páginas visitadas pelo usuário não ficam arquivadas no computador. Isso inclui informações pessoais, bancárias e até o endereço de entrega informado durante a compra,  dados  que se caírem em mãos erradas podem ser um grande perigo. Dessa maneira, o modo anônimo traz mais  segurança  aos usuários, apesar de não ser capaz de oferecer uma navegação ""blindada"". Com o modo anônimo é possível analisar  condições de preço em diferentes contas. Fonte:   Pexels.com/Reprodução  Durante a Black Friday 2020, a pessoa pode usar a aba anônima para acessar duas contas em uma mesma loja virtual. Com esse ""truque"", é possível fazer um comparativo de preços, condições de pagamento e fretes. Isso ocorre porque os sites oferecem diferentes opções conforme o perfil de compra dos usuários, então ao utilizar o recurso anônimo com a opção de ""Não Rastrear"" ativada é possível analisar e escolher as ofertas realmente vantajosas. Aba anônima também está disponível em navegadores mobile. Fonte:   Pexels.com/Reprodução Grande parte das lojas virtuais usa  cookies  para analisar o perfil dos usuários. Esses arquivos registram cada ""passo"" que a pessoa dá no site em seguida bombardeiam o consumidor com ""ofertas"" mais atrativas e que incentivam a compra. A aba anônima impede isso, pois as páginas não conseguem ver os dados comportamentais; logo, a pessoa encontra as promoções destinadas para o grande público e possivelmente com melhores condições. No modo anônimo, faça o login na loja quando for finalizar as compras. Fonte:   Pexels.com/Reprodução  Como dito, ao eliminar as ofertas personalizadas, a pessoa pode encontrar preços mais justos. No caso, os cookies não mostrarão apenas promoções relacionadas ao perfil do usuário ou com base no histórico de buscas. Infelizmente, nem sempre os descontos são realmente tão diferentes do preço normal. Dessa forma, usando o modo anônimo, a dica é apenas fazer o login na loja quando tiver com todos os itens no carrinho virtual e prestes a finalizar a compra. Sem os cookies, é possível realizar pesquisas mais abrangentes. Fonte:   Pexels.com/Reprodução  Para a surpresa de muitos usuários, os cookies influenciam até os itens exibidos nas buscas em uma loja virtual. Por exemplo, eles apresentam marcas e produtos que combinam melhor com o histórico do usuário. Na aba anônima, a página não tem os dados sobre as preferências da pessoa; por consequência, os resultados são mais abrangentes e com maior número de opções, bem como aumenta a possibilidade de encontrar preços mais baixos. Use o modo anônimo para checar links e não expor dados. Fonte:   Pexels.com/Reprodução  Durante a Black Friday, é comum aparecerem links de promoções em canais não oficiais de marcas e lojas virtuais, divulgados em perfis nas  redes sociais  ou por e-mail, por exemplo. Em alguns casos, esses links podem levar a páginas que coletam dados dos usuários. Ao abrir o site usando o modo anônimo, a pessoa evita expor informações mais sensíveis, como localização e dados pessoais salvos no preenchimento automático. De toda forma, a dica é não clicar em links que não sejam de canais oficiais de lojas e marcas. Certamente, isso evita diversas dores de cabeça no futuro. Gostou dos motivos para usar a aba anônima do navegador durante a Black Friday 2020? Então navegue com mais segurança e aproveite melhor as promoções e descontos em 27 de novembro.";[' TechTudo '];[' Mercado ', ' Black Friday ', ' Navegador ', ' Segurança ', ' Privacidade ']
https://www.tecmundo.com.br/seguranca/207502-pf-prende-hackers-tse-brasil-portugal.htm;PF prende “hackers do TSE” no Brasil e Portugal;2020-11-28T17:57:36;;296;;A Polícia Federal deflagrou neste sábado (28) a Operação Exploit com o objetivo de prender os membros do grupo hacker Cyberteam, que assumiram a autoria aos ataques aos bancos de dados e servidores do Tribunal Superior Eleitoral (TSE) no dia 15 de novembro, data do primeiro turno da Eleições 2020. Foram cumpridos três mandados de prisão e de busca e apreensão em São Paulo e Minas Gerais, e mais um em Portugal, com apoio das autoridades locais. O líder do grupo, cidadão português conhecido como “Zambrius”, disse em entrevista ao Estadão antes de ser preso que não é um criminoso: “sou uma boa pessoa”, afirmou. Segundo fontes do Estadão, Zambrius foi o hacker preso em Portugal, mas ainda não há informações sobre o quais seriam as possíveis penas para o criminoso, considerando que ele não é um cidadão brasileiro. Zambrius já foi preso em outras ocasiões por ataques hacker a outras instituições e estava proibido de sair de casa, usando inclusive uma tornozeleira eletrônica. Ao Estadão, Zambrius, de 19 anos, disse que não foi pago por ninguém para atacar o TSE e que sua intenção era simplesmente revelar vulnerabilidades da instituição brasileira, não tendo motivações político-partidárias. Ainda assim, o ataque ajudou a alimentar teorias conspiratórias e a divulgação de notícias falsas sobre a legitimidade das Eleições 2020, bem como das urnas eletrônicas. Candidatos derrotados aproveitaram a situação para questionar o pleito publicamente, mesmo sem qualquer indício de que a contagem dos votos tenha sido comprometida;[' Estadão ', ' Estadão '];[' Segurança ', ' Internet ', ' Eleições 2020 ']
https://www.tecmundo.com.br/internet/207335-fireboy-and-watergirl-conheca-famosa-serie-jogos-plataforma.htm;Fireboy and Watergirl: conheça a famosa série de jogos de plataforma;2020-11-28T10:00:00; Lupa Charleaux ;0;;Criada por Olso Albet em 2009, a série  Fireboy and Watergirl  é um sucesso entre os  jogos de plataforma . Em destaque, os games trazem um divertido modo multiplayer em que os jogadores precisam trabalhar juntos para resolverem quebra-cabeças. Assim, os títulos ficaram bem populares entre as crianças e o público infantojuvenil. Muito mais do entretenimento, os jogos ajudam a desenvolver o raciocínio lógico e ensinam sobre trabalho em equipe. Outro fator que contribui para o sucesso da série é a simplicidade. No caso, não é necessário ter um computador ou um celular poderoso para rodar o game. Bem como, as duas pessoas podem usar apenas um teclado para se divertir. Atualmente, a franquia  Fireboy and Watergirl  possui cinco títulos disponíveis. A seguir, conheça um pouco sobre cada um dos  jogos divertidos , os desafios e as mecânicas! Fireboy and Watergirl in Forest Temple. Fonte:   Fireboy and Watergirl Site/Divulgação  Na lista de  jogos famosos ,  Fireboy and Watergirl in Forest Temple  é o primeiro título da saga dos protagonistas elementais. Então, os jogadores precisam trabalhar em equipe para atravessar os diversos labirintos do templo da floresta. Durante o percurso, eles terão que resolver vários quebra-cabeças, acionar alavancas e interagir com outros objetos do cenário. Ao mesmo tempo, é necessário ser ágil para desviar dos obstáculos e outros perigos. Fireboy and Watergirl 2 in Light Temple. Fonte:   Fireboy and Watergirl Site/Divulgação  O segundo game da série,  Fireboy and Watergirl 2 in Light Temple  repete a fórmula do original. Contudo, ele apresenta um templo com novos desafios para os jogadores. Um exemplo são os enigmas com raios de luz refletidos que abrem novas portas. Outra adição são os inimigos inéditos como a “gosma verde”. Igualmente perigosa para o Fireboy e para a Watergirl, caso ela toque nos protagonistas será “game over”. Fireboy and Watergirl 3 in The Ice Temple. Fonte:   Fireboy and Watergirl Site/Divulgação  Em  Fireboy and Watergirl 3 , a missão é explorar um templo feito de gelo. Então, o cenário traz a novidade dos obstáculos elementais que dificultam a jornada da dupla de heróis. Por exemplo, o Fireboy tem dificuldades de caminhar em superfícies com neve, enquanto a Watergirl anda mais lentamente no mesmo local. Portanto, o trabalho cooperativo é fundamental para avançar nas fases. Fireboy and Watergirl 4 in The Crystal Temple. Fonte:   Fireboy and Watergirl Site/Divulgação  Fireboy and Watergirl 4  trouxe uma nova mecânica para a série de  jogos de agilidade . Nele, os players usam cristais mágicos para criar portais de teletransporte. Além disso, os itens ajudam a encontrar novos objetos durante a jornada. Contudo, é necessário tomar cuidado ao cruzar os portais. Dependendo do lado escolhido, os personagens podem ser enviados para lugares diferentes e cheios de perigos! Fireboy and Watergirl 5: Elements. Fonte:   Fireboy and Watergirl Site/Divulgação  Último lançamento da série,  Fireboy and Watergirl 5  leva os jogadores para se aventurar nos templos do fogo, da água e do ar. Dessa forma, ele traz uma combinação bem equilibrada de todas as mecânicas vistas nos games anteriores. É possível usar os cristais mágicos para criar portais e, novamente, os quebra-cabeças com raios de luz abrem novas portas durante as fases. Por fim, ele tem uma dificuldade nivelada para agradar os fãs de jogos de plataforma. Gostou de conhecer um pouco sobre a série de jogos divertidos  Fireboy and Watergirl ? Qual deles é o seu favorito? Conte para gente nos comentários!;[' Click Jogos ', ' Fireboy and Watergirl '];[' Internet ', ' Jogos ']
https://www.tecmundo.com.br/mercado/207426-receita-lanca-site-regularizar-cpf-internet-saiba-usar.htm;;;;0;;;[];[]
https://www.tecmundo.com.br/mercado/207480-cyber-monday-black-friday-diferencas-entre-datas.htm;Cyber Monday ou Black Friday: quais as diferenças entre as datas?;2020-11-27T21:30:01; Igor Almenara Carneiro ;0;;"A Black Friday já alcançou a graça do consumidor brasileiro, que aproveita as ofertas do comércio eletrônico e presenciais em todo o território nacional. A tradição importada dos Estados Unidos para aquecer o mercado no segundo semestre do ano carregou consigo um outro grande dia de ofertas, a Cyber Monday; mas como ela funciona? Também conhecida como “Segunda-feira Cibernética”, a Cyber Monday é um evento destinado exclusivamente ao e-commerce, com descontos tão atrativos quanto os da Black Friday. Nos EUA, o dia acontece na primeira segunda-feira após o Dia de Ação de Graças, no começo da semana que sucede a Black Friday. A principal diferença entre os eventos é que a Cyber Monday é exclusiva para o comércio digital, excluindo as ofertas de lojas presenciais. Anteriormente, as ofertas desta conhecida segunda-feira eram destinadas a gadgets, dispositivos tecnológicos, smartphones, notebooks e outros acessórios do setor; mas a tradição foi mudando ao longo do crescimento da popularidade do evento. Portanto, assim como a Black Friday foi criada voltada para ofertas presenciais, a Cyber Monday foi destinada às ofertas em lojas online. Contudo, na prática, os dois dias podem ser aproveitados pelo varejista que quiser oferecer descontos especiais. Ambas as datas têm o mesmo propósito: oferecer descontos imperdíveis em todos os setores e aquecer o mercado. Para o consumidor, vale a pena ficar de olho nos dois dias já com produtos desejados e adquirir a melhor oferta que encontrar. Ainda assim, vale ressaltar que a Cyber Monday tem um histórico melhor na oferta de produtos eletrônicos. Então, pode ser uma oportunidade interessante para ficar de olho em notebooks, smartphones e outros acessórios. Não se esqueça de ficar de olho nas ofertas com a gente, do  TecMundo . Estamos fazendo  transmissões ao vivo para cobrir várias das ofertas  solicitadas pelos espectadores e dando palpites sobre os valores encontrados.";[' Wikipédia ', ' InfoMoney '];[' Mercado ', ' Black Friday ', ' Internet ']
https://www.tecmundo.com.br/dispositivos-moveis/207521-huawei-demora-27-segundos-montar-celular.htm;Huawei demora 27 segundos para montar um celular;2020-11-30T16:30:01; Igor Almenara Carneiro ;19;;A  Huawei  consegue produzir um smartphone em até 27 segundos, de acordo com o vice-presidente da companhia, Shi Yaohong. Aprimoramentos tecnológicos na linha de produção foram drasticamente aprimorados desde 2015, quando eram necessários 10 minutos para produzir uma unidade. A revelação foi feita durante o Changsha Cyber Security & Intelligent Manufacturing Conference na China. O sistema “One Cloud, Two Cores, Three Streams e Four Technology” da Huawei é o grande responsável pela alta eficiência na fabricação de celulares. Ele é composto por um complexo ecossistema de compartilhamento de informações, transferências de dados, otimização de processos de fabricação e renovação de infraestrutura para adaptar as fábricas para um modelo de celular recém introduzido no mercado. Em contrapartida, o aumento da agilidade do sistema resultou em cortes de funcionários dentro das fábricas da companhia. Antes, Zheng Yelena, presidente da Huawei Cloud Business, revelou à mídia que a companhia havia reduzido o número de empregados nas linhas de produção. “Nós produzimos a linha de celulares Huawei Mate em um sistema aprimorado e otimizado de consumo e gerenciamento. Em 2015, cada linha de produção precisava de 97 pessoas, o  Huawei Mate 40  exige apenas 14 pessoas.”, comentou. O anúncio do dia é mais um lembrete de que a companhia está superando os impactos das  sanções comerciais estadunidenses  com seus avanços tecnológicos à passos largos.;[' Huawei Central ', ' PhoneMantra '];[' Dispositivos Móveis ', ' Huawei ', ' Celular ']
https://www.tecmundo.com.br/dispositivos-moveis/207508-xiaomi-mi-11-devera-lancado-janeiro-2021.htm;Xiaomi Mi 11 deverá ser lançado em janeiro de 2021;2020-11-30T14:00:01; Jorge Marin ;0;;Um tweet publicado na noite de domingo (29) revelou que a  Xiaomi  deve antecipar o lançamento da sua nova série Mi 11 para janeiro de 2021. Esta nova série da gigante chinesa trará, provavelmente, os primeiros aparelhos a funcionar com o chip principal da  Qualcomm  2021, o Snapdragon 875. As especulações em torno da data de lançamento do novo Mi 11 chegaram através de um respeitado informante chinês via Weibo, retransmitidas pelo perfil bot Digital Chat Station no Twitter. O informante assegura que a Xiaomi já enviou a série para certificação de rede. Em rumores  já vazados anteriormente , especula-se que a série deverá apresentar duas versões, Mi 11 e Mi 11 Pro. O modelo top de linha viria supostamente com uma tela de 2K e taxa de atualização de até 120Hz. A tela deverá apresentar um recorte perfurado na frente para receber uma câmera selfie. Já o modelo básico do Mi 11 promete um sensor ultra grande angular de 48 MP e, além do aumento do campo de visão, também deverá contar com um novo sistema de estabilização de imagem. Um dos dois modelos terá uma câmera com 108 megapixels. Outro recurso anunciado é uma bateria de 4.900 mAh com carregamento rápido.;[' GSMArena ', ' Tech Hindustan Times '];[' Dispositivos Móveis ', ' Xiaomi ', ' Celular ']
https://www.tecmundo.com.br/dispositivos-moveis/207479-tcl-20-5g-aparece-novas-imagens-vazadas.htm;TCL 20 5G aparece em novas imagens vazadas;2020-11-28T16:00:01; Adriano Camacho ;0;;"A TCL teve seu futuro lançamento para o mercado de celulares vazado nesta sexta-feira (27). Chamado de TCL 20 5G, o modelo deve suceder a linha TCL 10, focada em bom custo-benefício e performance, na faixa de preço abaixo de U$ 500 — cerca de R$ 2.700 em conversão direta. A novidade foi anunciada pelo informante veterano Evan Blass em sua conta no site  Voice .  Na imagem vazada, é possível ver a parte frontal do TCL 20 5G, bem como sua parte traseira e inferior. Acompanhando a proposta do visual, estão algumas observações sobre seus recursos, como a presença de um leitor de impressões digitais, botão dedicado ao Google Assistente, entrada de carregador no formato USB-C e ausência da entrada de fones de ouvido de 3,5 mm. Possível visual e recursos do novo TCL 20 5G. (Fonte: Evan Blass, TCL, XDA Devs / Reprodução) Fonte:   Evan Blass, TCL, XDA Devs  Complementando, Evan também especulou algumas das configurações internas do modelo, que deve vir equipado da nova linha intermediária Snapdragon 690, com suporte ao 5G, 6 GB de memória RAM e até 256 GB de armazenamento interno. O conjunto será energizado por uma bateria generosa de 4500 mAh de autonomia. Para sua tela, o aparelho deve contar com um display de 6,67"" com resolução FHD+, de 1,080 x 2,400 pixels, e câmera frontal centralizada. Para o conjunto principal de câmeras, há um combo triplo de sensores: o principal de 48 MP, acompanhado de um auxiliar com 8 MP de ângulo ultra aberto e outro com 2 MP para melhor profundidade. Para seu áudio, o aparelho deve ter apenas um alto-falante. O TCL 20 5G tem previsão de chegada para início de 2021, segundo Blass.";[' XDA Developers ', ' Gadgets 360 ', ' Voice '];[' Dispositivos Móveis ', ' Celular ', ' TCL ']
https://www.tecmundo.com.br/dispositivos-moveis/207442-celulares-samsung-registram-maior-margem-lucro-seis-anos.htm;Celulares da Samsung registram maior margem de lucro em seis anos;2020-11-27T16:00:01; Nilton Kleina ;2;;A  Samsung  registrou no terceiro trimestre de 2020 a maior margem de lucro da divisão de celulares da empresa nos últimos seis anos. A informação é da agência de notícias sul-coreana  Yonhap , com base em um relatório de análise de mercado feito entre julho e setembro deste ano pela Strategy Analytics. Segundo o documento, a Samsung registrou um percentual mundial de margem de lucro em ações de 32,6% — um aumento bastante considerável em comparação com o mesmo período do ano passado, quando o desempenho em ganhos foi de 18,8%. Os números são os maiores gerados pela fabricante desde o segundo trimestre de 2014 (37,9%) e foram conquistados principalmente pela performance sólida tanto no segmento de modelos top de linha quanto no mercado de intermediários. Apesar dos ótimos números, a  Apple  ainda é a empresa do setor de celulares que mais obtém margem de lucro entre ações com base na venda de produtos: 60,5% só no período analisado, um número que poderia ser ainda maior se a empresa não tivesse adiado o lançamento da linha  iPhone 12  para outubro. Em termos de fatia de mercado, a sul-coreana segue como a líder do setor de celulares, com 21,9%. Ela é seguida por  Huawei  (14,1%) e a surpresa  Xiaomi  (12,7%), que  conquistou o terceiro lugar recentemente . A Apple agora ocupa a quarta colocação, com 11%.;[' Yonhap '];[' Dispositivos Móveis ', ' Samsung ', ' Celular ']
https://www.tecmundo.com.br/produto/207539-jbl-go-3-chega-brasil-r-299.htm;JBL GO 3 chega ao Brasil por R$ 299;2020-11-30T18:30:01; Adriano Camacho ;0;;A nova geração de caixas de som portáteis  JBL  GO 3 chegou ao Brasil. Ela conta com um design renovado, mais robusto, com resistência à água e poeira com certificação IP67. Com destaque para as melhorias na qualidade sonora, seu grave está mais presente do que nunca enquanto mantém clareza nos detalhes. A JBL GO 3 conta com conexão Bluetooth 5.1 para entregar uma experiência sonora rica e de qualidade, com respostas de frequência de 110Hz a 20kHz. Com potência melhorada para 4.2W RMS, a caixa pode entregar bons níveis de volume em uma autonomia de até cinco horas de reprodução, graças a sua bateria recarregável de 2,7Wh. Todo o conjunto é abrigado em um pequeno corpo, com menos de 10 cm de largura e 200 gramas de peso. A certificação IP67 garante à JBL GO 3 proteção contra poeira e resistência à água, proporcionando mais durabilidade em diversos cenários. (Fonte: JBL / Reprodução) Fonte:   JBL  A nova JBL GO 3 já está disponível no Brasil nas cores preto e cinza, com as novas cores vermelho, verde, verde teal e azul sendo adicionadas em breve ao catálogo. A caixa de som portátil tem preço sugerido de R$ 299 e pode ser encontrada no  site oficial da marca  ou em lojas selecionadas no mercado brasileiro.;[' Harman / JBL '];[' Produto ', ' JBL ', ' Aparelhos de som ']
https://www.tecmundo.com.br/produto/207515-processador-mediatek-mt6893-supera-snapdragon-865-antutu.htm;;;;0;;;[];[]
https://www.tecmundo.com.br/produto/207489-xiaomi-lanca-fechadura-inteligente-macaneta-biometria.htm;Xiaomi lança fechadura inteligente sem maçaneta e com biometria;2020-11-30T15:00:01; Mateus Mognon ;1;;A  Xiaomi  apresentou recentemente mais um produto inteligente: a fechadura eletrônica Aqara D100, que promete segurança e velocidade em sua operação. O que mais chama a atenção, porém, é o design do produto, que não possui uma maçaneta. Apesar do visual que parece uma fechadura tradicional, o produto funciona de maneira automatizada e só traz uma abertura para o usuário puxar a porta. A maçaneta foi retirada da construção do produto para garantir mais rapidez na hora de abrir a porta. A fechadura inteligente utiliza um leitor de digitais e, assim que a impressão é reconhecida, o usuário já pode abrir a porta. Segundo testes realizados com o dispositivo, o processo demora menos de um segundo. A fechadura também pode ser desbloqueada com métodos como senha, NFC, smartphones e sistema de casa conectada. Além disso, o produto conta com uma chave de segurança para destrancar a porta em caso de falta de energia. A alta velocidade para desbloquear a porta é possível graças à construção do dispositivo. Segundo explica o  Gizchina , a Aqara D100 segue uma filosofia diferente de outros aparelhos do mercado e possui o motor incorporado à fechadura. Fonte:   Gizchina  Para garantir segurança, o produto utiliza um sistema de cilindro nível C na fechadura. Na parte de alimentação, o produto vem com uma bateria que dura até 12 meses e pode ser recarregada via conexão USB-C. A fechadura inteligente da Aqara D100 está disponível por 1899 yuan, cerca de R$ 1.538 em conversão direta para a nossa moeda. Não há qualquer informação a respeito da venda do dispositivo para outros países, mas a Xiaomi está  trazendo cada vez mais dispositivos  para mercados como o brasileiro.;[' Gizchina '];[' Produto ', ' Xiaomi ', ' Casa inteligente ']
https://www.tecmundo.com.br/produto/207492-samsung-proximo-galaxy-buds-intra-auricular-antirruido.htm;Samsung: próximo Galaxy Buds será intra-auricular e antirruído;2020-11-30T10:00:01; Adriano Camacho ;0;;Nesta sexta-feira (27), o site  SamMobile  revelou alguns possíveis detalhes sobre a nova iteração da linha Galaxy Buds, os fones inteiramente sem fio da  Samsung . Eles deverão conter as novidades presentes no modelo  Live,  último lançado, com Cancelamento de Ruído Ativo (ANC, na sigla em inglês). A grande possível diferença na nova versão é a presença de pontas emborrachadas, que devem auxiliar seu isolamento acústico. Em adição ao modo de Cancelamento de Ruído Ativo, a Samsung prometeu também uma versão melhorada do modo de Som Ambiente, com qualidade de som superior e mais definida. Ambos os modos já estão presentes no mais recente  Galaxy Buds Live  e seu curioso corpo de 'feijão', contudo, ele sofre perdas na clareza sonora por adotar uma forma de entrada 'aberta' — isto é, não intra-auricular. A falta de isolamento dessa forma 'aberta' resulta em vazamentos de som e inutilizam boa parte do efeito do Cancelamento de Ruído Ativo. Assim, uma nova versão com pontas de borracha faz bastante sentido para sua sucessão. Galaxy Buds+ e Live, respectivamente. (Fonte: Phone Arena / Reprodução) Fonte:   Phone Arena  Ainda sem confirmação para como serão chamados, o site  9to5 Google   especula que os futuros modelos da linha se chamem ' Galaxy Buds Beyond'  e devem ter data de lançamento próxima a do Galaxy S1, que deve ser anunciado ainda em janeiro de 2021.;[' 9to5 Google '];[' Produto ', ' Samsung ', ' Samsung Galaxy Buds ']
https://www.tecmundo.com.br/dispositivos-moveis/207521-huawei-demora-27-segundos-montar-celular.htm;Huawei demora 27 segundos para montar um celular;2020-11-30T16:30:01; Igor Almenara Carneiro ;19;;A  Huawei  consegue produzir um smartphone em até 27 segundos, de acordo com o vice-presidente da companhia, Shi Yaohong. Aprimoramentos tecnológicos na linha de produção foram drasticamente aprimorados desde 2015, quando eram necessários 10 minutos para produzir uma unidade. A revelação foi feita durante o Changsha Cyber Security & Intelligent Manufacturing Conference na China. O sistema “One Cloud, Two Cores, Three Streams e Four Technology” da Huawei é o grande responsável pela alta eficiência na fabricação de celulares. Ele é composto por um complexo ecossistema de compartilhamento de informações, transferências de dados, otimização de processos de fabricação e renovação de infraestrutura para adaptar as fábricas para um modelo de celular recém introduzido no mercado. Em contrapartida, o aumento da agilidade do sistema resultou em cortes de funcionários dentro das fábricas da companhia. Antes, Zheng Yelena, presidente da Huawei Cloud Business, revelou à mídia que a companhia havia reduzido o número de empregados nas linhas de produção. “Nós produzimos a linha de celulares Huawei Mate em um sistema aprimorado e otimizado de consumo e gerenciamento. Em 2015, cada linha de produção precisava de 97 pessoas, o  Huawei Mate 40  exige apenas 14 pessoas.”, comentou. O anúncio do dia é mais um lembrete de que a companhia está superando os impactos das  sanções comerciais estadunidenses  com seus avanços tecnológicos à passos largos.;[' Huawei Central ', ' PhoneMantra '];[' Dispositivos Móveis ', ' Huawei ', ' Celular ']
https://www.tecmundo.com.br/dispositivos-moveis/207508-xiaomi-mi-11-devera-lancado-janeiro-2021.htm;Xiaomi Mi 11 deverá ser lançado em janeiro de 2021;2020-11-30T14:00:01; Jorge Marin ;0;;Um tweet publicado na noite de domingo (29) revelou que a  Xiaomi  deve antecipar o lançamento da sua nova série Mi 11 para janeiro de 2021. Esta nova série da gigante chinesa trará, provavelmente, os primeiros aparelhos a funcionar com o chip principal da  Qualcomm  2021, o Snapdragon 875. As especulações em torno da data de lançamento do novo Mi 11 chegaram através de um respeitado informante chinês via Weibo, retransmitidas pelo perfil bot Digital Chat Station no Twitter. O informante assegura que a Xiaomi já enviou a série para certificação de rede. Em rumores  já vazados anteriormente , especula-se que a série deverá apresentar duas versões, Mi 11 e Mi 11 Pro. O modelo top de linha viria supostamente com uma tela de 2K e taxa de atualização de até 120Hz. A tela deverá apresentar um recorte perfurado na frente para receber uma câmera selfie. Já o modelo básico do Mi 11 promete um sensor ultra grande angular de 48 MP e, além do aumento do campo de visão, também deverá contar com um novo sistema de estabilização de imagem. Um dos dois modelos terá uma câmera com 108 megapixels. Outro recurso anunciado é uma bateria de 4.900 mAh com carregamento rápido.;[' GSMArena ', ' Tech Hindustan Times '];[' Dispositivos Móveis ', ' Xiaomi ', ' Celular ']
https://www.tecmundo.com.br/dispositivos-moveis/207479-tcl-20-5g-aparece-novas-imagens-vazadas.htm;TCL 20 5G aparece em novas imagens vazadas;2020-11-28T16:00:01; Adriano Camacho ;0;;"A TCL teve seu futuro lançamento para o mercado de celulares vazado nesta sexta-feira (27). Chamado de TCL 20 5G, o modelo deve suceder a linha TCL 10, focada em bom custo-benefício e performance, na faixa de preço abaixo de U$ 500 — cerca de R$ 2.700 em conversão direta. A novidade foi anunciada pelo informante veterano Evan Blass em sua conta no site  Voice .  Na imagem vazada, é possível ver a parte frontal do TCL 20 5G, bem como sua parte traseira e inferior. Acompanhando a proposta do visual, estão algumas observações sobre seus recursos, como a presença de um leitor de impressões digitais, botão dedicado ao Google Assistente, entrada de carregador no formato USB-C e ausência da entrada de fones de ouvido de 3,5 mm. Possível visual e recursos do novo TCL 20 5G. (Fonte: Evan Blass, TCL, XDA Devs / Reprodução) Fonte:   Evan Blass, TCL, XDA Devs  Complementando, Evan também especulou algumas das configurações internas do modelo, que deve vir equipado da nova linha intermediária Snapdragon 690, com suporte ao 5G, 6 GB de memória RAM e até 256 GB de armazenamento interno. O conjunto será energizado por uma bateria generosa de 4500 mAh de autonomia. Para sua tela, o aparelho deve contar com um display de 6,67"" com resolução FHD+, de 1,080 x 2,400 pixels, e câmera frontal centralizada. Para o conjunto principal de câmeras, há um combo triplo de sensores: o principal de 48 MP, acompanhado de um auxiliar com 8 MP de ângulo ultra aberto e outro com 2 MP para melhor profundidade. Para seu áudio, o aparelho deve ter apenas um alto-falante. O TCL 20 5G tem previsão de chegada para início de 2021, segundo Blass.";[' XDA Developers ', ' Gadgets 360 ', ' Voice '];[' Dispositivos Móveis ', ' Celular ', ' TCL ']
https://www.tecmundo.com.br/produto/207495-poco-m3-48mp-camera-tripla-6-000mah-snapdragon-662-us-129.htm;POCO M3: 48MP, câmera tripla, 6.000mAh e Snapdragon 662 por apenas US$129;2020-11-27T19:02:26;;55;;"As características frontais do  POCO M3  são típicas de um aparelho de entrada, com um notch Dewdrop e moldura relativamente grande (para 2020) que mede cerca de um quarto de polegada envolvendo o display LCD Full HD+ de 6,53 polegadas. Entretanto, quando se vira o dispositivo, ele parece único e impressionante, com um módulo de câmera gigante que ocupa um terço de sua parte traseira, tendo uma aparência similar à do belo  OnePlus 8T Cyberpunk 2077 Edition . O restante traz um plástico com acabamento em couro sintético que passa a sensação de muito boa qualidade (em relação aos materiais de outros produtos). O  POCO M3  carrega um chip Snapdragon 662, que, para o preço da novidade, é bem adequado, aliado a uma GPU Adreno 610 otimizada para jogos dentro desse orçamento. Há também uma bateria de 6.000mAh, algo impressionante para um dispositivo que pesa apenas 198g e possui 9,6mm de espessura. Complementando sua construção, há uma saída de fone de ouvido de 3,5mm e alto-falantes duplos que reproduzem sons relativamente altos. Confira as especificações em detalhes: O restante dos componentes é formado por peças de entrada. O LCD é atualizado a uma taxa de 60Hz e, mesmo que pareça nítido, não chega a ficar muito brilhante (atinge, no máximo, 400 nits); o sistema da câmera principal é ""triplo"" apenas na propaganda, pois o sensor de 48 polegadas é acompanhado de dois sensores de 2MP quase descartáveis. Além disso, a falta de uma lente ultra-wide é realmente chocante, se considerarmos que já é final de 2020. Por fim, a câmera frontal serve para selfies apenas durante o dia, mais nada. Entre os três componentes, o principal é o que mais nos surpreendeu. Pelos testes, pudemos ver que, em boas condições de iluminação, as imagens apresentam cores decentes com boa faixa dinâmica. Graças à resolução original de 48MP, capturar imagens em alta resolução é possível, com detalhes ricos. Mesmo para modos normais, a maioria capturas também apresentou boa clareza. No teste AnTuTu, o  POCO M3  atingiu 153.000 pontos – o que se deve ao Qualcomm Snapdragon 662, cujo processador principal é o Kryo 260, 4x 2.0GHz, com arquitetura de 64 bits e processador gráfico Qualcomm Adreno 610. No DeviceRanks, o aparelho obteve uma pontuação de 6.3 para desempenho de hardware. No geral, 8.6 AnTuTus. As  vendas do POCO  M3 começam nesta sexta (27), com desconto antecipado (US$129 para a variante de armazenamento de 64GB e US$149 para o modelo de 128GB). Depois, os aparelhos custarão US$149 e US$169, de acordo com sua capacidade de armazenamento. Este texto é um oferecimento de ZBANX, postado originalmente em inglês no  GizmoChina";[];[' Produto ', ' Xiaomi Poco M3 ', ' Xiaomi ', ' Celular ', ' POCO ']
https://www.tecmundo.com.br/minha-serie/207560-the-mandalorian-roteirista-explica-verdadeiro-nome-baby-yoda.htm;;;;0;;;[];[]
https://www.tecmundo.com.br/ciencia/207555-bebe-singapura-nasce-imunidade-coronavirus.htm;Bebê de Singapura nasce com imunidade ao coronavírus;2020-11-30T21:30:01; Adriano Camacho ;0;;Nesta semana, uma curiosa notícia intrigou cientistas em todo mundo: um bebê de Singapura nasceu com anticorpos que podem garantir imunidade contra o coronavírus. A principal teoria para uma resposta sobre o caso se baseia no fato de sua mãe ter contraído COVID-19 na décima semana de gestação, gerando anticorpos, que eventualmente desapareceram, mas foram herdados pelo bebê. O ocorrido adiciona mais uma pergunta na pesquisa sobre a interação do novo coronavírus e gestantes. Logo no início da pandemia, os cientistas revelaram que mulheres grávidas não transmitem a doença para os bebês, contudo, eles também não haviam encontrado evidências de que elas poderiam transmitir seus anticorpos contra o coronavírus, até então. Assim, o caso de Celine Ng-Chan, de 31 anos e seu filho Aldrin, impressionou os pesquisadores em todo o mundo. Ela havia contraído o coronavírus em uma viagem pela Europa em março deste ano, ficando internada no hospital durante quase três semanas — na época, ela estava com 10 semanas de gestação. Curada da doença, seu corpo desenvolveu anticorpos que, segundo exames, desapareceram ao fim de sua gravidez. Aldrin pode ser um dos primeiros bebês que possuem anticorpos duradouros contra o novo coronavírus. (Fonte: Pexels) Fonte:   Pexels  Em um comunicado, um dos responsáveis pelo hospital onde Celine ficou explica que em todos casos onde as gestantes são contaminadas durante a gravidez há uma extensa testagem, que busca verificar a presença do vírus e seus anticorpos tanto no bebê, quanto na mãe. Até a descoberta do caso, todos os exames anteriores foram negativos. O evento auxiliará cientistas a compreenderem melhor a duração dos anticorpos contra o novo coronavírus, bem como sua interação no corpo humano e em recém nascidos. Espera-se, como revelado anteriormente em estudos, que os anticorpos sejam bastante duradouros devidos os tipos de célula B e T, que demonstram ser mais resistentes.;[' BGR '];[' Ciência ', ' Coronavírus ', ' Saúde ']
https://www.tecmundo.com.br/minha-serie/207564-utopia-serie-cancelada-amazon-prime-video-streaming.htm;Utopia: série é cancelada na Amazon Prime Video após 1ª temporada;2020-11-30T21:20:10;;0;;O  Amazon Prime Video  anunciou o  cancelamento  de sua série  Utopia  após a exibição da 1ª temporada no  streaming . A produção, que estreou em setembro na plataforma, se baseou em uma série britânica homônima. A escritora Gillian Flynn foi a responsável pela concepção do remake, estando durante um tempo desenvolvendo a série, inicialmente, com  David Fincher  para a  HBO . Com a rejeição da emissora e a saída de Fincher do projeto, Flynn levou  Utopia  para o  streaming  da Amazon. Muito provavelmente, o  cancelamento  se deve ao fato da série não ter gerado o efeito esperado entre o público. No entanto, a produção tinha diversos elementos que poderiam garantir seu sucesso, entre eles, roteiros de Gillian Flynn, famosa por suas histórias repletas de nuances entre personagens e mistérios envolventes, como  Garota Exemplar. (Reprodução) Fonte:   Amazon Prime Video  O elenco ainda contou com nomes importantes como o de John Cusack, Jessica Rothe, Rainn Wilson, Sasha Lane, entre outros. Os críticos atribuíram notas baixas aos episódios, com um aproveitamento de 51% no site  Rotten Tomatoes , que avalia o desempenho de produções audiovisuais entre público e crítica. Por parte do público, não houve muitos comentários ou notas, um sinal de baixa receptividade. A série seguia um grupo de fãs de quadrinhos que se uniam por conta de um quadrinho (aparentemente) fictício conhecido por Utopia. Entretanto, eles acabavam descobrindo diversos significados ocultos ocultos nas páginas da história, prevendo, inclusive, ameaças à humanidade. E, misteriosamente, tudo passava a acontecer, de fato. Com elementos de conspiração e mistério, a trama ainda apostava nos conflitos internos de cada um dos personagens. A versão original da série estreou em 2013 e durou duas temporadas. Infelizmente, seu remake não teve a mesma sorte. Utopia  pode ser conferida no  Amazon Prime Video . A série possui, ao final, oito episódios.;[' Slash Film '];[' Minha Série ', ' Seriados ', ' Séries ', ' Renovações e Cancelamentos ', ' Amazon Prime Video ', ' Streaming ']
https://www.tecmundo.com.br/minha-serie/207562-series-na-semana-estreia-selena-retorno-big-mouth-netflix.htm;Séries na Semana: estreia de Selena e retorno de Big Mouth na Netflix;2020-11-30T21:08:05;;0;;Nesta semana, a  Netflix  estreia a primeira parte de  Selena: A Série , focada na cantora e compositora Selena Quintanilla-Pérez. A trama deverá abordar os primórdios da artista até o estrelato, bem como sua morte, ocorrida em 1995. Para interpretá-la, a atriz Christian Serratos, que havia interpretado Rosita Espinosa em  The Walking Dead , foi escalada. Os primeiros episódios serão disponibilizados na próxima sexta-feira (4). Além dessa série biográfica, a gigante do streaming também vai estrear outras produções. Entre elas, há o destaque para a 4ª temporada de  Big Mouth , que promete trazer novos elementos à saga dos personagens, focando nos protagonistas enquanto eles ainda tentam lidar com a puberdade. Em um comunicado oficial, lançado durante a confirmação desta 4ª temporada, Mike Moon, que coordena o departamento de animações da Netflix, afirmou que a série conseguia capturar a fase mais embaraçosa da vida de um jeito interessante, emocionante e hilário. Os novos episódios ficarão disponíveis no dia 4 de dezembro. Na  CBS , algumas séries importantes estão de volta. É o caso de  SEAL Team ,  retornando para a 4ª temporada,   MacGyver ,  estreando a 5ª temporada, e  Blue Bloods   começando a exibir sua 11ª temporada. Quem também desenvolve sua 11ª e última temporada é  Shameless  que retorna no domingo (6) na Showtime. S.W.A.T. ,  NCIS ,  FBI  e  FBI: Most Wanted   também   da  CBS  entrarão em um hiato de uma semana, retornando para novos episódios em 8 de dezembro. Já  Superstore   e   The Blacklist ,  ambas   da  NBC , retornam apenas em 2021. Confira abaixo a programação completa de todas as  Séries na Semana . The Good Doctor   —  Episódio inédito (4x5) Filmes que Marcaram Época: Natal   —  Estreia da 1ª temporada na  Netflix Industry —  Episódio Inédito (1x4) A Teacher   —  Episódio Inédito no  Hulu  (1x6) Big Sky   —  Episódio inédito (1x3) The Haves and The Have Nots   —  Episódio inédito (8x2) SEAL Team retorna para sua 4ª temporada nesta quarta-feira. (Reprodução) Fonte:   CBS  For Life   —  Episódio inédito (2x3) SEAL Team   —  Estreia da 4ª temporada na  CBS  (4x1) A Vida em Outros Planetas  —  Estreia da 1ª temporada na  Netflix Meredith poderá ter um novo reencontro no próximo episódio de Grey's Anatomy (Reprodução) Fonte:   ABC  As Five  — Episódio inédito no  Globoplay  (1x4) Grey's Anatomy   —  Episódio inédito (17x4) Station 19   —  Episódio inédito (17x3) Law & Order: Special Victims Unit   —  Episódio inédito (22x3) Star Trek: Discovery  — Episódio inédito na  Netflix  (3x8) The Unicorn  —  Episódio inédito (2x3) The Outpost  — Episódio inédito (3x9) A Million Little Things   —  Episódio inédito (3x2) Big Mouth está de volta na Netflix. (Reprodução) Fonte:   Netflix  The Mandalorian   —  Episódio inédito (2x6) Big Mouth   —  Estreia da 4ª temporada na  Netflix Selena: A Série   —  Estreia da Parte 1 na  Netflix Brava Beanie   —  Estreia da 1ª temporada na  Netflix Reis de Joanesburgo   —  Estreia da 1ª temporada na  Netflix MacGyver   —  Estreia da 5ª temporada na  CBS  (5x1) Blue Bloods  —  Estreia da 11ª temporada na  CBS  (11x1) Apostando Alto  — Episódio inédito na  Netflix  (1x15) Caçadores de Demônios   —  Episódio inédito na  Netflix  (1x3) Detention   —  Estreia da 1ª temporada na  Netflix  (1x1) Shameless começa a exibir sua última temporada no próximo domingo. (Reprodução) Fonte:   Showtime  Shameless   —  Estreia da 11ª temporada na Showtime (11x1) Your Honor   —  Estreia da 1ª temporada na Showtime (1x1) Caçadores de Demônios   —  Episódio inédito na  Netflix  (1x4) Bob's Burgers  — Episódio inédito (11x9) Os Simpsons  — Episódio inédito (32x9) Family Guy  — Episódio inédito (19x9) Bless the Harts  — Episódio inédito (2x9) Não deixe de comentar qual é a série que você mais quer assistir nesta semana.;[' Rotten Tomatoes '];[' Minha Série ', ' Séries na Semana ', ' Séries ', ' Seriados ', ' Lançamentos ', ' Novas séries ', ' Streaming ', ' Netflix ', ' Amazon Prime Video ', ' Disney+ ', ' Hulu ', ' Apple TV+ ', ' ABC ', ' NBC ', ' CBS ', ' AMC ', ' The CW ']
https://www.tecmundo.com.br/voxel/207534-ghost-ot-tsushima-jin-ganha-linda-estatueta-figma.htm;Ghost ot Tsushima: Jin ganha uma linda estatueta Figma;2020-11-30T21:00:01; Thomas Schulze Costa ;0;;Ghost of Tsushima   foi um dos principais jogos de 2020 e  concorre a várias categorias no The Game Awards . Com tanto amor, até que demorou para ganharmos um colecionável Figma do protagonista Jin Sakai, não é? As figuras Figma são conhecidas pelas suas boas articulações Fonte:   Good smile  Como você pode ver nas imagens ao longo desse texto, a produtora Good Smile Company aplicou o seu capricho habitual e conseguiu replicar alguns dos principais elementos do jogo, da armadura aos itens equipados pelo Fantasma ao longo da aventura. Você pode colocar o Jin em quase qualquer pose que imaginar Fonte:   Good Smile  O seu lançamento está marcado para agosto de 2021, pelo preço tabelado de 100 dólares. O Fantasma traz consigo algumas de suas principais armas do jogo Fonte:   Good Smile  Para quem estiver com um dinheirinho sobrando, as pré-vendas já estão abertas no  site da Good Smile Company . Você também pode encaixar diferentes modelos de mão e cabeça Fonte:   Good Smile  O que você achou desse colecionável? Conte para a gente nos comentários logo abaixo!;[' Push Square '];[' Voxel ', ' Jogos ', ' Ghost of Tsushima ']
https://www.tecmundo.com.br/minha-serie/207553-the-undoing-susanne-bier-fala-possivel-2-temporada.htm;The Undoing: Susanne Bier fala sobre uma possível 2ª temporada;2020-11-30T21:00:01;;0;;A série  The Undoing  foi um dos grandes sucessos da HBO neste ano de 2020. A produção, que conta com Hugh Grant e Nicole Kidman, teve uma 1ª temporada adorada, e uma das responsáveis pelo sucesso foi a diretora Susanne Bier. Em uma entrevista para o site Decider, ela contou um pouco sobre as gravações e o futuro da série. Bier é a responsável pelo suspense  Bird Box , da Netflix, e também a primeira ganhadora do Golden Globe, Emmy e European Film Award pelo trabalho em  The Night Manager . A diretora dinamarquesa conversou um pouco sobre os bastidores da produção da HBO. Ela comentou que adorou trabalhar com Nicole Kidman e disse que a atriz entra no personagem de forma impressionante e que é a melhor amiga do diretor durante os trabalhos. Susanne Bier também comentou um pouco sobre algumas cenas que foram desafiadores e gratificantes, como as cenas do tribunal e a sequência final da ponte, dizendo que fazer aquilo acontecer foi uma loucura! Susanne Bier, à direita, conversa com os atores na cena do tribunal. (Fonte: HBO/Divulgação) Fonte:   HBO  A diretora deixou bem claro que está muito contente com o trabalho e que recebe inúmeros e-mails de famosos e de fãs perguntando quem é o assassino no final das contas? Porém, mesmo com o enorme sucesso de  The Undoing , ainda não houve nenhuma conversa sobre renovação. Quando questionada, a diretora  Susanne Bier  disse que uma 2ª season seria como um sonho se realizando e que ela amaria fazer parte, mas, infelizmente, ainda não foi falado nada sobre o assunto. (Fonte: HBO/Reprodução) Fonte:   HBO  A 1ª temporada de  The Undoing  está disponível no catálogo do HBO GO.;[];[' Minha Série ', ' Séries ', ' Seriados ', ' HBO ', ' Streaming ', ' Entrevistas ']
https://www.tecmundo.com.br/ciencia/207546-medico-afirma-dono-marte-reivindica-posse-onu.htm;Médico afirma ser dono de Marte e reivindica posse à ONU;2020-11-30T20:00:01; André Luiz Dias Gonçalves ;10;;"O médico britânico Phil Davies tem chamado a atenção nos últimos dias, mas não é por nada relacionado à  covid-19  ou à sua área de atuação. Em entrevista ao jornal  Daily Star , na última segunda-feira (23), ele declarou ser dono de  Marte . Conforme Davies, que passa as noites apontando um poderoso laser em direção ao Planeta Vermelho, esse trabalho tem tornado a atmosfera do nosso vizinho espacial mais habitável, preparando o terreno para futuras colônias de humanos por lá, como as planejadas por  Elon Musk . Atualmente com 55 anos de idade, o ex-oficial médico da Força Aérea Britânica (RAF) diz que a sua façanha de melhorar as condições para habitar o planeta lhe dá o direito de postular a posse do território marciano. “Esse é o único método legítimo para reivindicar terras em Marte”, ele disse. Phil Davies, o ""dono"" de Marte. Fonte:   Daily Star/Reprodução  Ele cita regulamentos da Organização das Nações Unidas ( ONU ) que definem as regras para quem deseja pleitear a posse do território de um planeta. Pelas leis, os interessados precisam comprovar a preparação do terreno desejado para uso sustentável, e isso o médico alega ter feito. Preocupado com uma possível desatualização do Tratado Espacial, em vigor desde 1967, estabelecendo as normas de exploração do espaço sideral, Phil quer evitar que Marte caia nas mãos da Rússia e dos Estados Unidos. Diariamente, ele aponta um laser para o Planeta Vermelho. Fonte:   Daily Star/Reprodução  O médico teme que as superpotências criem bases militares ao estilo  Star Wars  em solo marciano. “A lei do espaço está corrompida e não deveria estar. Não sou um defensor de árvores, quero que os países explorem o espaço, mas com responsabilidade”, ele afirmou. O próximo passo de Davies é entrar com um pedido de reconhecimento de propriedade na ONU e na Corte de Direitos Humanos da União Europeia. Mas para tanto, ele precisa do apoio formal de um governo, solicitado às autoridades britânicas. Enquanto aguarda uma resposta oficial, o médico afirma ter obtido apoio de 151 mil pessoas, de 195 países. Ele até já dividiu o planeta em lotes, entre as pessoas que compactuam com seus planos. Cada um dos apoiadores ficará com uma área de 22 km² do solo marciano.";[' Daily Star '];[' Ciência ', ' Exploração espacial ', ' Astronomia ']
https://www.tecmundo.com.br/minha-serie/207550-the-walking-dead-reencontro-rick-michonne-filmes.htm;The Walking Dead: reencontro entre Rick e Michonne pode acontecer;2020-11-30T20:00:01;;0;;"Segundo Scott Gimple, produtor — e agora também diretor de conteúdo — de  The Walking Dead , os personagens Rick Grimes (Andrew Lincoln) e Michonne (Danai Gurira) poderão se reencontrar nos filmes derivados da série, focados no protagonista. Desde que um relacionamento amoroso se formou entre os dois durante a 6ª temporada, muitos eventos importantes foram trazidos às telas, como a aproximação de novos membros ao grupo e a morte de Carl (Chandler Riggs). O desaparecimento de Rick nas últimas temporadas — sendo dado como morto após uma explosão —, tem deixado os espectadores com algumas dúvidas, principalmente por conta do helicóptero militar que o teria resgatado e o levado para longe. O retorno do personagem vai acontecer nos filmes oficias de  The Walking Dead . Eles prometem responder algumas questões muito importantes deixadas na série, além de todo o desenvolvimento de Rick longe do grupo. ""Ainda estamos trabalhando no filme"", afirmou Scott Gimple em entrevista ao site  ComicBook . (Reprodução) Fonte:   AMC  Segundo ele, quando questionado sobre o último encontro entre Michonne e Rick, o público ainda irá se surpreender muito com o que vem por aí. “[Os espectadores] devem prestar atenção à maneira como Michonne deixou a série”, disse ele, referindo-se à caravana que a personagem encontra quando se despede em seu último episódio. ""Mesmo além dos planos atuais, tenho algumas ambições"", afirmou ainda o produtor com relação ao planejamento cinematográfico de  The Walking Dead , levando em consideração a pandemia do coronavírus. Por conta dela, a data para o início das filmagens ainda está em definição, bem como o possível lançamento. Atualmente,  The Walking Dead  exibe algumas séries derivadas como  The Walking Dead: World Beyond  e  Fear The Walking Dead . A  10ª temporada , no entanto, retorna com  novos episódios  apenas em 28 de fevereiro de 2021, na  AMC .";[' Comic Book '];[' Minha Série ', ' Seriados ', ' Séries ', ' Filmes ', ' Elenco ', ' AMC ']
https://www.tecmundo.com.br/ciencia/207520-vacina-moderna-comprova-eficacia-94-1-solicitacao-emergencial.htm;Vacina da Moderna comprova eficácia de 94,1% e faz solicitação emergencial;2020-11-30T19:00:00; Igor Almenara Carneiro ;0;;Nesta segunda-feira (30), a Moderna anunciou que sua vacina para  covid-19  atingiu 94,1% de eficiência nos testes em voluntários da fase 3 e solicitou autorização estatal emergencial à Food and Drug Administration, agência federal do Departamento de Saúde e Serviços Humanos dos Estados Unidos, e à órgãos reguladores da Europa. A companhia farmacêutica afirmou que os resultados completos do estudo da terceira fase demonstraram eficiência de 94,1% nos voluntários vacinados, sem preocupações sérias de segurança. “A eficácia da vacina contra covid-19 grave foi de 100%”, afirmou em pronunciamento. Os resultados da fase 3, também conhecida como estudo COVE, contou com a participação de mais de 30 mil voluntários. A vacina ainda teria que cumprir a quarta fase de testes, mas devido à urgência mundial por um imunizante — principalmente para conter a segunda onda da doença que já dá sinais em alguns países —, ela solicitou autorização emergencial para órgãos regulatórios dos EUA e Europa. “Esta análise primária positiva confirma a capacidade da nossa vacina de prevenir a covid-19 com 94,1% de eficácia e, mais importante, a capacidade de prevenir casos graves de covid-19. Acreditamos que nossa vacina fornecerá uma ferramenta nova e poderosa que pode mudar o curso desta pandemia e ajudar a prevenir doenças graves, hospitalizações e morte”, comentou Stéphane Bancel, CEO da Moderna. A primeira reunião entre representantes da companhia e a Food and Drug Administration dos EUA está marcada para 17 de dezembro, quando revisarão os dados do ensaio da Moderna. No caso do Brasil, não há informações sobre a aquisição de doses da vacina da farmacêutica nem pelo governo federal, nem pelos estados.;[' New York Times ', ' New York Times ', ' G1 '];[' Ciência ', ' Coronavírus ', ' Saúde ']
https://www.tecmundo.com.br/minha-serie/207541-the-walking-dead-world-beyond-season-finale-recap.htm;The Walking Dead: World Beyond - Percy está vivo? (RECAP);2020-11-30T19:00:00;;0;;"A season finale de  The Walking Dead: World Beyond  foi um dos episódios mais surpreendentes e emocionantes desta temporada. O episódio final contou com duas partes, ambas transmitidas neste domingo (29), e resolveu alguns dos mistérios presentes ao longo dos primeiros episódios. Confira o  recap  completo a seguir! (Fonte: AMC/Divulgação) Fonte:   AMC  Na primeira parte, um flashback mostra Elizabeth pedindo para Huck isolar uma “posse”, provavelmente Iris, ou os CR fariam isso para ela. Portanto, Huck dirigiu pela estrada, seguido por Feliz e as irmãs Bennett. Quando um grupo de Walkers os alcança, Huck aproveita a distração para cortar a perna de Felix. Ao chegar no abrigo, eles percebem um recinto cheio de corpos de idosos que se suicidaram. Iris nota todas as bandeiras vermelhas enquanto Hope conversa com ela, dizendo que ela não teria coragem de ir embora sem Felix – ele ficou para trás na estrada para não atrapalhar o grupo. Como se toda essa emoção não fosse o suficiente, Elton descobre ainda que Percy está vivo, embora sua condição seja preocupante. Foi a primeira notícia que tivemos dele desde o desaparecimento. Percy pede para Elton deixá-lo e se salvar, mas Elton prefere lutar contra os Walkers. Felizmente, ele consegue lutar e usa o walkie-talkie no bolso de Percy para se comunicar com Huck. Porém, Percy tira o aparelho de suas mãos e temos uma descoberta surpreendente: foi Huck quem atirou nele! Enquanto isso, Felix descobre que sua arma desapareceu. Quando ele se vira, Huck está apontando a arma para ele. (Fonte: AMC/Divulgação) Fonte:   AMC  Na segunda parte da  season finale  de  The Walking Dead:World Beyond , Silas descobre que Percy está vivo e se sente aliviado, já que não se lembra dos acontecimentos. A reunião até poderia ser um momento de felicidade caso eles não tivessem sido seguidos por um grupo do CR. Quando eles passam de uma cerca, Silas diz que esse é seu momento de herói e corta sua mão, dando a vida por Elton e Percy. Na casa onde Huck e Hope se esconderam, eles se revelam para Iris e Felix e aí... bem, o Inferno é liberado! Huck quase mata Felix e ameaça atirar em sua própria cabeça. Porém, Felix ainda acredita que Huck é a tal ""posse"" que pode mudar o destino de tudo, então ele a deixa ir. No final do episódio, Iris revela que, na verdade, as irmãs Bennett são esse segredo. Surpresa! E aí, o que você achou da season finale de  The Walking Dead: World Beyond ? Deixe sua opinião abaixo!";[' Den of Geek ', ' TV Line '];[' Minha Série ', ' Seriados ', ' Séries ', ' Recap ', ' AMC ']
https://www.tecmundo.com.br/produto/207539-jbl-go-3-chega-brasil-r-299.htm;JBL GO 3 chega ao Brasil por R$ 299;2020-11-30T18:30:01; Adriano Camacho ;0;;A nova geração de caixas de som portáteis  JBL  GO 3 chegou ao Brasil. Ela conta com um design renovado, mais robusto, com resistência à água e poeira com certificação IP67. Com destaque para as melhorias na qualidade sonora, seu grave está mais presente do que nunca enquanto mantém clareza nos detalhes. A JBL GO 3 conta com conexão Bluetooth 5.1 para entregar uma experiência sonora rica e de qualidade, com respostas de frequência de 110Hz a 20kHz. Com potência melhorada para 4.2W RMS, a caixa pode entregar bons níveis de volume em uma autonomia de até cinco horas de reprodução, graças a sua bateria recarregável de 2,7Wh. Todo o conjunto é abrigado em um pequeno corpo, com menos de 10 cm de largura e 200 gramas de peso. A certificação IP67 garante à JBL GO 3 proteção contra poeira e resistência à água, proporcionando mais durabilidade em diversos cenários. (Fonte: JBL / Reprodução) Fonte:   JBL  A nova JBL GO 3 já está disponível no Brasil nas cores preto e cinza, com as novas cores vermelho, verde, verde teal e azul sendo adicionadas em breve ao catálogo. A caixa de som portátil tem preço sugerido de R$ 299 e pode ser encontrada no  site oficial da marca  ou em lojas selecionadas no mercado brasileiro.;[' Harman / JBL '];[' Produto ', ' JBL ', ' Aparelhos de som ']
https://www.tecmundo.com.br/mobilidade-urbana-smart-cities/207529-novo-toyota-mirai-tera-autonomia-650-km-hidrogenio.htm;Novo Toyota Mirai terá autonomia de 650 km com hidrogênio;2020-11-30T18:00:01; André Luiz Dias Gonçalves ;0;;A segunda geração do  Toyota Mirai  será lançada no Japão em dezembro, trazendo visual mais esportivo, tração traseira e maior espaço interno, entre diversas outras novidades. O sedã com  célula de combustível de hidrogênio  também ganhou uma autonomia 30% maior. De acordo com a montadora japonesa, o novo Mirai traz um motor menor e 10% mais potente que o da primeira geração, entregando 174 cv. A diminuição no tamanho possibilitou a instalação de um tanque de hidrogênio maior, ligado a outros dois mais compactos, aumentando a capacidade de combustível para 5,6 kg. Com essas mudanças, o  carro  pode rodar aproximadamente 650 km com um tanque de hidrogênio, enquanto a versão inicial, lançada em 2014, apresentava autonomia de 500 km. Algo que também melhorou foi a capacidade de filtrar o ar, segundo a fabricante, com a célula de combustível podendo remover até 100% das partículas em contato com ela. Mudanças no tanque da célula de combustível permitiram um melhor desempenho. Fonte:   Toyota/Divulgação  Outros destaques do  carro a hidrogênio  da  Toyota  são os sistemas de detecção de pedestres, automóveis e demais objetos, que ajuda na prevenção de acidentes, e a possibilidade de utilizar o veículo como fonte de energia para residências em situações de emergência — ele traz duas tomadas específicas para esta finalidade. Com o lançamento da nova geração, a montadora japonesa quer vender 100 mil unidades do modelo, superando as 11 mil comercializadas da versão anterior. Para tanto, o preço do novo Mirai deverá ficar em torno de US$ 50 mil (R$ 265 mil, em conversão direta), cerca de US$ 10 mil mais barato que o primeiro. Porém, a baixa quantidade de estações de hidrogênio pode dificultar o alcance da meta. No Japão, há 127 estações do tipo, enquanto o ideal seriam 900. Em outros países, a situação é ainda pior, como nos Estados Unidos, que conta com apenas 45 postos de abastecimento de hidrogênio.;[' Toyota ', ' Yahoo! '];[' Mobilidade Urbana/Smart Cities ', ' Toyota ', ' Célula de Combustível (Hidrogênio) ', ' Carro ', ' Elétricos ']
https://www.tecmundo.com.br/voxel/207545-assassin-s-creed-valhalla-criancas-estranhas-espantam-internet.htm;Assassin's Creed Valhalla: crianças estranhas espantam a internet;2020-11-30T18:00:01; Luciana Anselmo ;0;;Assassin's Creed Valhalla  é uma adição bem interessante à franquia, mas não deixa de ter algumas coisas estranhas no meio do caminho. Muitos jogadores notaram, por exemplo, que praticamente não há uma criança normal no game. Quase todas possuem traços estranhos ou olhares meio assustadores. Outras até possuem algum tipo de pelo facial antes da hora ou entortam seus pescoços de maneira bizarra. Depois de alguns comentários soltos entre os fãs, o  usuário do Reddit KrutToppen  até fez uma imagem das tais crianças que você encontra em sua aventura. Se achou que a gente estava exagerando, é só dar uma olhada por si próprio nessa coleção de fotos. Enquanto algumas parecem olhar direto na sua alma, outras só têm rostos com feições mais maduras, como se fossem pequenos adultos. Dá até para dizer que as crianças têm uma cara de vilão caricato de um  desenho animado . Estamos começando a achar que esses são os vilões secretos do jogo Fonte:   KrutToppen  O mais engraçado é que há até um  famoso glitch  que faz com que uma criança fique em um tamanho bem maior que o normal, ultrapassando até mesmo a altura de Eivor, personagem que controlamos no jogo. Definitivamente não é um glitch que queremos encontrar com essas crianças em particular. Só ficamos imaginando se a Ubisoft realmente modelou as crianças desta forma de propósito ou se foi um processo mais aleatório e automático. Seja da forma que for, esperamos que eles não mudem a aparência destes personagens. É bem mais divertido ter algo tão estranho assim no jogo em vez de tudo bonitinho. Comente se também preferem elas assim ou com um visual mais natural!;[' Push Square '];"[' Voxel ', ' Jogos ', "" Assassin's Creed Valhalla "", ' Plataformas ', ' PC ', ' Console ', ' PS4 ', ' PS5 ', ' Xbox One ', ' Xbox Series X ', ' Xbox Series S ']"
https://www.tecmundo.com.br/ciencia/207527-minilua-despede-terra-parte-novas-aventuras.htm;Minilua se despede da Terra e parte para novas aventuras;2020-11-30T17:30:01; Reinaldo Zaruvni ;0;;"Se não estamos exatamente sozinhos no Universo, ficaremos, certamente, um pouco mais solitários. A minilua que acompanha nosso planeta há pelo menos três anos, o asteroide 2020 CD3,  do tamanho de um carro , se desprendeu definitivamente da gravidade do nosso planeta e, aos poucos, avança rumo ao desconhecido. Descoberto em 15 de fevereiro de 2020 pelos astrônomos Theodore Pruyne e Kacper Wierzchos, inicialmente, estudiosos consideravam que poderia ser, na verdade, algum objeto artificial – um foguete utilizado em missões anteriores. Para desvendarem o mistério do visitante detectado, meses de análise foram necessários; os dados coletados, então, revelaram a dimensão, a velocidade  e outras características  do exemplar. Com base na sua cor e em seu brilho, supõe-se que a, de fato, minilua é feita de rochas de silicato – composição de muitos dos corpos presentes no cinturão de asteroides, entre Marte e Júpiter. Tem cerca de 1,2 metro de diâmetro, e simulações de órbita revelaram que voou muito perto de nosso satélite natural, o que o colocou em uma posição mais estável e, ainda, permitiu que permanecesse a nossos arredores por um tempo bem maior que os nove meses usuais. Estadia foi breve, mas impressionante. Fonte:   Reprodução  Enquanto nas primeiras observações o Observatório de Mount Lemmon, o programa de monitoramento gerenciado pela  NASA  Catalina Sky Survey e uma série de telescópios ao redor do mundo é que forneceram os detalhes do 2020 CD3 – levantados por Grigori Fedorets, da Queen’s University of Belfast, no Reino Unido, e seus colegas –, em breve cientistas terão à sua disposição o Observatório Vera C. Rubin, em construção no Chile. O equipamento será capaz de revelar muito mais do que se espera. Isso porque  muitas miniluas semelhantes  devem estar a nosso redor, mas ainda se encontram escondidas do público terrestre. ""No melhor dos cenários, poderíamos detectar uma minilua a cada dois ou três meses. E, na pior das hipóteses, talvez uma vez por ano. De qualquer modo, estes são muitos mais 'companheiros' para a Terra do que qualquer um poderia imaginar"", conclui Fedorets.";[' Pplware '];[' Ciência ', ' Astronomia ']
https://www.tecmundo.com.br/voxel/207542-forza-horizon-5-anunciado-rumor.htm;Forza Horizon 5 pode estar perto de ser anunciado [RUMOR];2020-11-30T17:30:01; André Luis Dias Custodio ;0;;"Durante transmissão do podcast  The Xbox Empire , Jeff Grubb, jornalista da  GameBeat , sugeriu que  Forza Horizon 5  pode ser o novo game da franquia a ser lançado e deve surgir no mercado ainda em 2021. Na entrevista, o insider mencionou a chegada de  Forza Motorsport  para a nova geração, sendo uma espécie de reboot do premiado simulador da Microsoft. Agora, as novas informações apontam que o quinto game da saga  Horizon  pode surgir ainda antes de  Motorsport , com uma revelação oficial da Playground Games prestes a ser feita. ""Vimos o  Forza Motorsport  ser anunciado há alguns meses, mas acho veremos o próximo  Forza Horizon   primeiro e isso pode acontecer no próximo ano"", disse Grubb. Então sim, eu acho que e les estão em uma situação estranha onde, por algum motivo, a Playground diz que parece que eles podem estar prontos para serem lançados primeiro.  E acho que sei o cenário, mas vou deixá-los anunciá-lo."" Até o momento, a Playground Games não confirmou a existência de  Forza Horizon 5 , então todas as informações devem ser tratadas apenas como rumores. E você, o quê acha? Gostaria de ver um novo  Forza Horizon  no  Xbox Series S/X ? Deixe sua resposta nos comentários.";[' Euro Gamer '];[' Voxel ', ' Console ', ' Xbox Series X ', ' Xbox Series S ']
https://www.tecmundo.com.br/mobilidade-urbana-smart-cities/207525-gm-abandona-caminhonete-eletrica-nikola-parceria-desfeita.htm;"GM abandona caminhonete elétrica da Nikola; parceria desfeita";2020-11-30T17:00:01; André Luiz Dias Gonçalves ;0;;Nesta segunda-feira (30), a  General Motors  (GM) anunciou mudanças no acordo assinado com a Nikola Corporation em setembro, desistindo de fabricar uma picape  elétrica  a hidrogênio em conjunto. A parceria será mantida, mas de maneira diferente. Divulgada no dia 8 de setembro, a associação entre as duas marcas previa a produção da picape Badger, desenvolvida pela Nikola. A GM forneceria a plataforma de chassis, as baterias, o sistema de células de combustível e a fábrica, em troca de uma participação acionária de 11% na startup de  caminhões elétricos . Inicialmente apontado como um negócio interessante para a GM, o acordo de US$ 2 bilhões começou a se complicar depois que a  consultoria Hindenburg Research  acusou a Nikola de fraudar a documentação relativa ao desenvolvimento da tecnologia de células de combustível de hidrogênio. Apesar de refutar as alegações, o  CEO da startup Trevor Milton acabou renunciando ao cargo , dias depois. A Badger teria uma autonomia de quase 1 mil km, segundo a Nikola. Fonte:   Nikola/Divulgação  A partir daí, a situação mudou e a GM começou a ser criticada por se aliar a uma empresa sem credibilidade e continuar a apoiar a parceira mesmo após as acusações de fraude. Com a polêmica aumentando, a montadora sediada em Detroit já parecia dar sinais de que desistiria do negócio nas últimas semanas, decisão confirmada agora. Se os planos de construir uma caminhonete elétrica com quase 1 mil km de autonomia foram desfeitos, o novo acordo entre as duas montadoras prevê o fornecimento de células de combustível de hidrogênio pela GM para os caminhões elétricos da Nikola. Além do uso da tecnologia nos caminhões Classe 7 e Classe 8 da startup, as marcas também pretendem incluir, neste novo modelo de parceria que ainda precisa ser aprovado, a utilização do  sistema de baterias Ultium  da General Motors. Como a Badger não será mais produzida, pelo menos por enquanto, os clientes que reservaram o veículo na pré-venda serão reembolsados.;[' GM ', ' Electrek ', ' Reuters '];[' Mobilidade Urbana/Smart Cities ', ' Elétricos ', ' Caminhonete ', ' General Motors ']
https://www.tecmundo.com.br/voxel/207540-xbox-series-x-s-consegue-rodar-jogos-ps2-emulacao.htm;Xbox Series X/S consegue rodar jogos de PS2 por emulação;2020-11-30T17:00:01; Thomas Schulze Costa ;0;;Além de contar com retrocompatibilidade com todos os sistemas Xbox anteriores, o Xbox Series X agora consegue rodar até jogos de PlayStation 2! Obviamente isso não acontece por meios oficiais, mas sim graças ao trabalho de desenvolvedores independentes. Como você pode conferir no vídeo abaixo, postado no canal Modern Vintage Gamer, o modo de desenvolvimento do console foi utilizado para ganhar suporte a softwares de emulação como o PCSx2 da Retroarch, o que garantiu a compatibilidade com os jogos: Com isso, já é possível curtir alguns títulos consagrados como  Ico ,  God of War  e M etal Gear Solid 2: Guns of the Patriots . Ironicamente, isso torna o videogame da Microsoft compatível com mais jogos de PS2 que o próprio videogame da Sony!! A pegadinha é que o emulador não consegue rodar jogos maiores que 2GB por enquanto, e dá um bom trabalho fazer todas as configurações. Além disso, a prática de baixar e jogar roms e isos também é considerada ilegal em diversos países, inclusive no Brasil, então não estimulamos essa prática de forma alguma. O que você achou dessa compatibilidade inusitada entre as diferentes plataformas? Comente a seguir!;[' Twinfinite '];[' Voxel ', ' Console ', ' Xbox Series X ', ' Xbox Series S ', ' PS2 ']
https://www.tecmundo.com.br/voxel/207537-empire-of-sin-te-fazer-sentir-gangster-verdade.htm;Empire of Sin vai fazer você se sentir um gângster de verdade;2020-11-30T16:36:17; Thiago Simões ;0;;"Um dos diretores de cinema de que mais gostamos é Francis Ford Coppola, por tudo o que ele fez em  O Poderoso Chefão . Quem gosta de filmes dificilmente deixou de ser impactado pelo mundo criado pelo estadunidense, sempre muito bem detalhado. No mundo dos games,  Mafia  é um representante de peso, mas faltava um jogo que incluísse gerenciamento e combate por turnos com maestria. Uma dessas tentativas foi  Omerta — City of Gangsters , lançado em 2013. Desenvolvido pela Haemimont Games, o título cativou os amantes do gênero, por mais que tenha deixado algumas lacunas. Quando  Empire of Sin  foi anunciado, tendo por trás a empresa de Brenda Romero e o crivo da Paradox Interactive, arregalamos os olhos e imaginamos: finalmente teríamos um jogo que abordaria de forma completa o mundo das máfias. Empire of Sin  é um jogo de gerenciamento e combate por turnos que tem como pano de fundo o mundo mafioso. Seu objetivo é comandar um dos grupos mais aterrorizantes da época e controlar o submundo do álcool, da jogatina e da violência. O título traz para o mundo digital 14 personagens com características únicas. Os protagonistas têm habilidades distintas de chefe, bônus de diplomacia e de império. É possível escolher pessoas de diversas classes sociais e culturas, como senhores cheios da grana, mulheres encantadoras, irlandeses loucos para quebrar sua cara e até mesmo magnatas mexicanos e italianos. Antes de iniciar sua caminhada é possível customizar toda a aventura e escolher entre seis níveis de dificuldade, o número de vizinhanças e o de facções inimigas. Você começa o jogo em um bairro com nomes famosos encontrados em filmes de mafiosos, como Little Italy e Chinatown. Atualmente, a Lei Seca é compreendida como um período em que é proibido beber, principalmente durante as eleições. Mas na década de 1920, nos Estados Unidos, a proibição foi tão pesada que muitos estabelecimentos funcionavam de forma irregular para saciar a sede da galera. Se você está se perguntado por que estamos falando disso, é importante saber que a bebida alcoólica é a mola propulsora de seu império. Ela deixa os clientes felizes e bêbados e serve como moeda de troca entre as facções criminosas. O sistema de gerenciamento é um dos grandes destaques do game. Com relação à bebida, é possível melhorar sua qualidade, aumentar seu armazenamento e até mesmo fazer uma boa propaganda dela. Diferentemente de outros games da Paradox, a ação baseada em combater por turnos é simples de ser realizada e lembra muito o que já é visto em jogos do gênero. Em  Empire of Sin , cada personagem tem dois pontos de ação que podem ser utilizados ou não. Certas habilidades custam dois pontos e alguns atributos podem dar mais pontos, como um relógio, por exemplo. Cada personagem tem uma árvore de desenvolvimento que pode dar ações especiais para ele. As câmeras e as formas de andar e atirar lembram muito o visto em  XCOM , mas com uma leve diferença: o cenário não acaba atrapalhando a visão e dá uma excelente imersão para o combate. É interessante pensarmos que o confronto não é o foco principal de  Empire of Sin . Isso não o torna menos importante, mas mostra que para o sucesso do império é necessário focar outros quesitos, como as diversas formas de gerenciamento. Mentes brilhantes também são usadas para o mal. Grandes criminosos da história souberam lidar com tudo o que os cercava; pensando nisso,  Empire of Sin  traz uma infinidade de gerenciamentos para que toda a aventura aconteça. Como descrito, o objetivo é ser o mafioso do pedaço. Para isso, é necessário conquistar locais e transformá-los em verdadeiras máquinas de fazer e lavar dinheiro. Pode ser um hotel, um cassino, um bar… você toma um lugar e define o que fazer com ele, podendo destruí-lo ou apenas saqueá-lo. Quando você mata todos os inimigos de um recinto invadido, pode escolher entre algumas recompensas no fim da missão: controlar o local, saquear, danificar ou destruir. Se você resolver transformá-lo em um ponto de negócios, prepare-se para gastar um bom dinheiro para melhorá-lo. Você pode gerenciá-lo de quatro maneiras: cuidando da segurança (aumentando o número de guardas), lavando dinheiro, modificando o ambiente (o que aumenta o número de clientes e consequentemente o dinheiro arrecadado) e fazendo propaganda. Os upgrades levam dias para acontecer, mas você pode acelerar o trâmite investindo mais dinheiro. Infelizmente, acabamos achando um bug nessa parte após umas 10 horas de jogo. Os upgrades estavam gratuitos, o que confessamos que estragou muito tudo o que tínhamos construído. Até reiniciamos o jogo para voltar a ter um grande desafio com outro personagem. Para ajudar na aventura é necessário contratar capangas que aparecem nas ruas e nas lojas e que têm características distintas. Um dos itens importantes é verificar o relacionamento deles com outras máfias e criminosos, pois isso pode impactar diretamente o serviço. Se seus comparsas trabalharem juntos por muito tempo, podem se apaixonar, e isso pode influenciar diretamente a batalha por turnos. Outra forma de adquirir criminosos é pelo mercado. Existe um específico para vender e comprar itens para a aventura, como armas especiais, granadas e recuperadores de saúde. A cada 90 dias ocorre um novo estoque dos itens, fazendo que tudo possa mudar de uma hora para outra. Para o desenrolar da aventura, cada personagem tem um quartel general chamado de safehouse, no qual todas as ações são feitas. Caso você a perca, o jogo termina. Outra forma de perder no jogo é ter o personagem morto em um confronto. Um ponto importante da safehouse é que se você perder todos os outros pontos de arrecadação de dinheiro ela pode funcionar como uma cervejaria, gerando um pouco de lucro. Outra interatividade muito importante no jogo é com os chefes de outras máfias. Não é necessário que você seja inimigo deles; é possível criar estratégias para melhorar seus negócios, utilizando as expertises dos outros mafiosos, e até mesmo propor situações distintas: pagar propina para a polícia, entrar em uma guerra conjunta contra outra máfia ou pagar para um jornalista falar bem de seus negócios. Todo cuidado é pouco. É necessário estudar as estatísticas e entender a relação existente entre todos os criminosos para não acabar caindo em uma verdadeira cilada. O jogo se torna fácil pelo fato de mostrar tudo o que pode acontecer ao se relacionar com um chefe do crime ou um capanga. Seria legal se não soubéssemos o que existe entre eles, para que o fator surpresa aparecesse mais. Os gráficos de  Empire of Sin  deixam muito a desejar, principalmente nas CGs. Em certos momentos, percebemos os traços grosseiros dos personagens. Por mais que a otimização seja excelente em 4K, existe pouca variação de inimigos. Em contrapartida, o cenário ficou muito bonito, retratando bem a diferença do dia e da noite, com a excelente utilização da luminosidade, principalmente durante a chuva. Os locais são bem detalhados e diferentes, deixando de lado uma possível repetição em confrontos com inimigos. A música consegue criar uma imersão no período da Lei Seca tanto nos momentos-chave, em que o tiroteio corre solto, quanto em uma breve caminhada pelo bairro. A famosa Era do Jazz foi muito bem representada em todo o game. Empire of Sin  traz diversas possibilidades de tramas ao longo da aventura. Se tiver isso como pensamento, prepare-se para se divertir muito com o game, que proporciona um fator replay maravilhoso. E se tratando da Paradox, prepare-se para uma enxurrada de DLCS. Empire of Sin foi cedido gentilmente pela Romero Games para a realização desta análise. Finalmente chegou a oportunidade de ser um gângster de verdade no mundo dos games";[];[' Voxel ', ' Jogos ', ' Empire of Sin ', ' Plataformas ', ' PC ', ' Console ', ' Xbox One ', ' PS4 ', ' Switch ']
https://www.tecmundo.com.br/dispositivos-moveis/207521-huawei-demora-27-segundos-montar-celular.htm;Huawei demora 27 segundos para montar um celular;2020-11-30T16:30:01; Igor Almenara Carneiro ;19;;A  Huawei  consegue produzir um smartphone em até 27 segundos, de acordo com o vice-presidente da companhia, Shi Yaohong. Aprimoramentos tecnológicos na linha de produção foram drasticamente aprimorados desde 2015, quando eram necessários 10 minutos para produzir uma unidade. A revelação foi feita durante o Changsha Cyber Security & Intelligent Manufacturing Conference na China. O sistema “One Cloud, Two Cores, Three Streams e Four Technology” da Huawei é o grande responsável pela alta eficiência na fabricação de celulares. Ele é composto por um complexo ecossistema de compartilhamento de informações, transferências de dados, otimização de processos de fabricação e renovação de infraestrutura para adaptar as fábricas para um modelo de celular recém introduzido no mercado. Em contrapartida, o aumento da agilidade do sistema resultou em cortes de funcionários dentro das fábricas da companhia. Antes, Zheng Yelena, presidente da Huawei Cloud Business, revelou à mídia que a companhia havia reduzido o número de empregados nas linhas de produção. “Nós produzimos a linha de celulares Huawei Mate em um sistema aprimorado e otimizado de consumo e gerenciamento. Em 2015, cada linha de produção precisava de 97 pessoas, o  Huawei Mate 40  exige apenas 14 pessoas.”, comentou. O anúncio do dia é mais um lembrete de que a companhia está superando os impactos das  sanções comerciais estadunidenses  com seus avanços tecnológicos à passos largos.;[' Huawei Central ', ' PhoneMantra '];[' Dispositivos Móveis ', ' Huawei ', ' Celular ']
https://www.tecmundo.com.br/mercado/207552-bmw-abre-pagina-virtual-amazon-vender-carros-motos.htm;BMW abre página virtual na Amazon para vender carros e motos;2020-11-30T16:19:47; Nilton Kleina ;0;;A montadora alemã  BMW  anunciou nesta segunda-feira (30) uma parceria com a  Amazon  para lançar uma página virtual de comercialização de modelos da marca no Brasil. O ambiente digital é oficial e  já está no ar para clientes e entusiastas . Na verdade, a parceria com a Amazon opera como um canal de comunicação e não no formato de comércio eletrônico direto — ou seja, não é possível adicionar um automóvel no carrinho de compras e fechar o pedido pela plataforma. Porém, lá você pode conhecer a fundo os modelos disponíveis e solicitar propostas, recebendo em seguida uma mensagem da rede de concessionários para iniciar a negociação. No site, é possível conferir modelos das linhas BMW (como Série 3 e X1), BMW Motorrad (G 310 GS, F 850 GS Premium e R 1250 GS Adventure) e MINI (Mini Cooper S e Countryman All4 Top). Além de diversas imagens, as páginas trazem informações técnicas e lista de itens de série e opcionais. O BMW X1 é um dos modelos disponíveis no canal virtual da marca. Fonte:   BMW  Anteriormente, a BMW já era pioneira ao abrir uma loja online no  Mercado Livre  e manter canais de relacionamento BMW, MINI e BMW Motorrad em redes sociais como  Instagram ,  Facebook  e  TikTok . Com a chegada do canal digital da BMW, outras montadoras e empresas de diferentes setores podem abrir plataformas similares no futuro.;[' BMW '];[' Mercado ', ' BMW ', ' Amazon ', ' Automobilismo ']
https://www.tecmundo.com.br/software/375547-fake-but-true-news; Huawei estÃ¡ banida do leilÃ£o de 5G do brasil; 2020-11-30T12:30:01; Allan dos Santos; 7777; 40125; Essa Ã© uma notÃ­cia de teste que oremos para que seja transformada em verdade. Afinal, vÃ¡rios paÃ­ses sÃ©rios jÃ¡ baniram esse lixo chinÃªs de suas redes. Fonte: \xa0ReproduÃ§Ã£o\xa0 O mesmo ocorre com o  iOS , que, ainda segundo o site, estendeu as opÃ§Ãµes avanÃ§adas a mais pessoas. NÃ£o se esqueÃ§a de que Ã© preciso ter instalada no aparelho a Ãºltima versÃ£o do programa de streaming. Caso jÃ¡ esteja atualizada e nada tenha mudado, sÃ³ resta esperar que, no prÃ³ximo lanÃ§amento, o aprimoramento dÃª as caras em seu smartphone.; Android Police; Software, Spotify, Android
https://www.tecmundo.com.br/software/2164738-fake-and-true-news; iPhone mini vende pra burro; 2020-11-25T09:36:01; Gehrard; 1234; 567; Qual nÃ£o vende, nÃ©? Esse pelo menos tem motivo.; Apple Police; Hardware, iOS, Sales
https://www.tecmundo.com.br/software/375547-fake-but-true-news; Huawei estÃ¡ banida do leilÃ£o de 5G do brasil; 2020-11-30T12:30:01; Allan dos Santos; 7777; 40125; Essa Ã© uma notÃ­cia de teste que oremos para que seja transformada em verdade. Afinal, vÃ¡rios paÃ­ses sÃ©rios jÃ¡ baniram esse lixo chinÃªs de suas redes. Fonte: \xa0ReproduÃ§Ã£o\xa0 O mesmo ocorre com o  iOS , que, ainda segundo o site, estendeu as opÃ§Ãµes avanÃ§adas a mais pessoas. NÃ£o se esqueÃ§a de que Ã© preciso ter instalada no aparelho a Ãºltima versÃ£o do programa de streaming. Caso jÃ¡ esteja atualizada e nada tenha mudado, sÃ³ resta esperar que, no prÃ³ximo lanÃ§amento, o aprimoramento dÃª as caras em seu smartphone.; Android Police; Software, Spotify, Android
https://www.tecmundo.com.br/software/2164738-fake-and-true-news; iPhone mini vende pra burro; 2020-11-25T09:36:01; Gehrard; 1234; 567; Qual nÃ£o vende, nÃ©? Esse pelo menos tem motivo.; Apple Police; Hardware, iOS, Sales
